no,name,tracker,img
1,Bitcoin,BTC,https://assets.coingecko.com/coins/images/1/thumb/bitcoin.png?1547033579
2,Ethereum,ETH,https://assets.coingecko.com/coins/images/279/thumb/ethereum.png?1595348880
3,Tether,USDT,https://assets.coingecko.com/coins/images/325/thumb/Tether-logo.png?1598003707
4,USD Coin,USDC,https://assets.coingecko.com/coins/images/6319/thumb/USD_Coin_icon.png?1547042389
5,BNB,BNB,https://assets.coingecko.com/coins/images/825/thumb/bnb-icon2_2x.png?1644979850
6,Cardano,ADA,https://assets.coingecko.com/coins/images/975/thumb/cardano.png?1547034860
7,XRP,XRP,https://assets.coingecko.com/coins/images/44/thumb/xrp-symbol-white-128.png?1605778731
8,Binance USD,BUSD,https://assets.coingecko.com/coins/images/9576/thumb/BUSD.png?1568947766
9,Solana,SOL,https://assets.coingecko.com/coins/images/4128/thumb/solana.png?1640133422
10,Polkadot,DOT,https://assets.coingecko.com/coins/images/12171/thumb/polkadot.png?1639712644
11,Dogecoin,DOGE,https://assets.coingecko.com/coins/images/5/thumb/dogecoin.png?1547792256
12,Wrapped Bitcoin,WBTC,https://assets.coingecko.com/coins/images/7598/thumb/wrapped_bitcoin_wbtc.png?1548822744
13,Lido Staked Ether,STETH,https://assets.coingecko.com/coins/images/13442/thumb/steth_logo.png?1608607546
14,TRON,TRX,https://assets.coingecko.com/coins/images/1094/thumb/tron-logo.png?1547035066
15,Avalanche,AVAX,https://assets.coingecko.com/coins/images/12559/thumb/coin-round-red.png?1604021818
16,Shiba Inu,SHIB,https://assets.coingecko.com/coins/images/11939/thumb/shiba.png?1622619446
17,Dai,DAI,https://assets.coingecko.com/coins/images/9956/thumb/4943.png?1636636734
18,LEO Token,LEO,https://assets.coingecko.com/coins/images/8418/thumb/leo-token.png?1558326215
19,Litecoin,LTC,https://assets.coingecko.com/coins/images/2/thumb/litecoin.png?1547033580
20,Cronos,CRO,https://assets.coingecko.com/coins/images/7310/thumb/oCw2s3GI_400x400.jpeg?1645172042
21,Polygon,MATIC,https://assets.coingecko.com/coins/images/4713/thumb/matic-token-icon.png?1624446912
22,NEAR Protocol,NEAR,https://assets.coingecko.com/coins/images/10365/thumb/near_icon.png?1601359077
23,FTX Token,FTT,https://assets.coingecko.com/coins/images/9026/thumb/F.png?1609051564
24,Bitcoin Cash,BCH,https://assets.coingecko.com/coins/images/780/thumb/bitcoin-cash-circle.png?1594689492
25,Stellar,XLM,https://assets.coingecko.com/coins/images/100/thumb/Stellar_symbol_black_RGB.png?1552356157
26,Monero,XMR,https://assets.coingecko.com/coins/images/69/thumb/monero_logo.png?1547033729
27,Chainlink,LINK,https://assets.coingecko.com/coins/images/877/thumb/chainlink-new-logo.png?1547034700
28,Ethereum Classic,ETC,https://assets.coingecko.com/coins/images/453/thumb/ethereum-classic-logo.png?1547034169
29,OKB,OKB,https://assets.coingecko.com/coins/images/4463/thumb/WeChat_Image_20220118095654.png?1642471050
30, Chain,XCN,https://assets.coingecko.com/coins/images/24210/thumb/Chain_icon_200x200.png?1646895054
31,Cosmos Hub,ATOM,https://assets.coingecko.com/coins/images/1481/thumb/cosmos_hub.png?1555657960
32,Algorand,ALGO,https://assets.coingecko.com/coins/images/4380/thumb/download.png?1547039725
33,Flow,FLOW,https://assets.coingecko.com/coins/images/13446/thumb/5f6294c0c7a8cda55cb1c936_Flow_Wordmark.png?1631696776
34,Uniswap,UNI,https://assets.coingecko.com/coins/images/12504/thumb/uniswap-uni.png?1600306604
35,VeChain,VET,https://assets.coingecko.com/coins/images/1167/thumb/VeChain-Logo-768x725.png?1547035194
36,Hedera,HBAR,https://assets.coingecko.com/coins/images/3688/thumb/hbar.png?1637045634
37,ApeCoin,APE,https://assets.coingecko.com/coins/images/24383/thumb/apecoin.jpg?1647476455
38,Internet Computer,ICP,https://assets.coingecko.com/coins/images/14495/thumb/Internet_Computer_logo.png?1620703073
39,Theta Fuel,TFUEL,https://assets.coingecko.com/coins/images/8029/thumb/1_0YusgngOrriVg4ZYx4wOFQ.png?1553483622
40,Tezos,XTZ,https://assets.coingecko.com/coins/images/976/thumb/Tezos-logo.png?1547034862
41,Elrond,EGLD,https://assets.coingecko.com/coins/images/12335/thumb/elrond3_360.png?1626341589
42,Axie Infinity,AXS,https://assets.coingecko.com/coins/images/13029/thumb/axie_infinity_logo.png?1604471082
43,The Sandbox,SAND,https://assets.coingecko.com/coins/images/12129/thumb/sandbox_logo.jpg?1597397942
44,KuCoin,KCS,https://assets.coingecko.com/coins/images/1047/thumb/sa9z79.png?1610678720
45,Filecoin,FIL,https://assets.coingecko.com/coins/images/12817/thumb/filecoin.png?1602753933
46,Aave,AAVE,https://assets.coingecko.com/coins/images/12645/thumb/AAVE.png?1601374110
47,Decentraland,MANA,https://assets.coingecko.com/coins/images/878/thumb/decentraland-mana.png?1550108745
48,cETH,CETH,https://assets.coingecko.com/coins/images/10643/thumb/ceth2.JPG?1581389598
49,Frax,FRAX,https://assets.coingecko.com/coins/images/13422/thumb/frax_logo.png?1608476506
50,EOS,EOS,https://assets.coingecko.com/coins/images/738/thumb/eos-eos-logo.png?1547034481
51,Theta Network,THETA,https://assets.coingecko.com/coins/images/2538/thumb/theta-token-logo.png?1548387191
52,Klaytn,KLAY,https://assets.coingecko.com/coins/images/9672/thumb/klaytn.jpeg?1642775250
53,TrueUSD,TUSD,https://assets.coingecko.com/coins/images/3449/thumb/tusd.png?1618395665
54,Huobi BTC,HBTC,https://assets.coingecko.com/coins/images/12407/thumb/Unknown-5.png?1599624896
55,Maker,MKR,https://assets.coingecko.com/coins/images/1364/thumb/Mark_Maker.png?1585191826
56,DeFiChain,DFI,https://assets.coingecko.com/coins/images/11757/thumb/symbol-defi-blockchain_200.png?1597306538
57,cUSDC,CUSDC,https://assets.coingecko.com/coins/images/9442/thumb/Compound_USDC.png?1567581577
58,Zcash,ZEC,https://assets.coingecko.com/coins/images/486/thumb/circle-zcash-color.png?1547034197
59,Huobi,HT,https://assets.coingecko.com/coins/images/2822/thumb/huobi-token-logo.png?1547036992
60,The Graph,GRT,https://assets.coingecko.com/coins/images/13397/thumb/Graph_Token.png?1608145566
61,BitTorrent,BTT,https://assets.coingecko.com/coins/images/22457/thumb/btt_logo.png?1643857231
62,Bitcoin SV,BSV,https://assets.coingecko.com/coins/images/6799/thumb/BSV.png?1558947902
63,Fantom,FTM,https://assets.coingecko.com/coins/images/4001/thumb/Fantom.png?1558015016
64,IOTA,MIOTA,https://assets.coingecko.com/coins/images/692/thumb/IOTA_Swirl.png?1604238557
65,eCash,XEC,https://assets.coingecko.com/coins/images/16646/thumb/Logo_final-22.png?1628239446
66,Pax Dollar,USDP,https://assets.coingecko.com/coins/images/6013/thumb/Pax_Dollar.png?1629877204
67,Quant,QNT,https://assets.coingecko.com/coins/images/3370/thumb/5ZOu7brX_400x400.jpg?1612437252
68,Helium,HNT,https://assets.coingecko.com/coins/images/4284/thumb/Helium_HNT.png?1612620071
69,THORChain,RUNE,https://assets.coingecko.com/coins/images/6595/thumb/RUNE.png?1614160507
70,Waves,WAVES,https://assets.coingecko.com/coins/images/425/thumb/waves.png?1548386117
71,Radix,XRD,https://assets.coingecko.com/coins/images/4374/thumb/Radix.png?1629701658
72,NEO,NEO,https://assets.coingecko.com/coins/images/480/thumb/NEO_512_512.png?1594357361
73,GateToken,GT,https://assets.coingecko.com/coins/images/8183/thumb/gt.png?1556085624
74,Neutrino USD,USDN,https://assets.coingecko.com/coins/images/10117/thumb/78GWcZu.png?1600845716
75,Zilliqa,ZIL,https://assets.coingecko.com/coins/images/2687/thumb/Zilliqa-logo.png?1547036894
76,Terra,LUNC,https://assets.coingecko.com/coins/images/8284/thumb/01_LunaClassic_color.png?1653547790
77,PancakeSwap,CAKE,https://assets.coingecko.com/coins/images/12632/thumb/pancakeswap-cake-logo_%281%29.png?1629359065
78,Arweave,AR,https://assets.coingecko.com/coins/images/4343/thumb/oRt6SiEN_400x400.jpg?1591059616
79,Kusama,KSM,https://assets.coingecko.com/coins/images/9568/thumb/m4zRhP5e_400x400.jpg?1576190080
80,cDAI,CDAI,https://assets.coingecko.com/coins/images/9281/thumb/cDAI.png?1576467585
81,Loopring,LRC,https://assets.coingecko.com/coins/images/913/thumb/LRC.png?1572852344
82,NEXO,NEXO,https://assets.coingecko.com/coins/images/3695/thumb/nexo.png?1548086057
83,BitDAO,BIT,https://assets.coingecko.com/coins/images/17627/thumb/rI_YptK8.png?1653983088
84,Synthetix Network Token,SNX,https://assets.coingecko.com/coins/images/3406/thumb/SNX.png?1598631139
85,Dash,DASH,https://assets.coingecko.com/coins/images/19/thumb/dash-logo.png?1548385930
86,STEPN,GMT,https://assets.coingecko.com/coins/images/23597/thumb/gmt.png?1644658792
87,Chiliz,CHZ,https://assets.coingecko.com/coins/images/8834/thumb/Chiliz.png?1561970540
88,Celo,CELO,https://assets.coingecko.com/coins/images/11090/thumb/icon-celo-CELO-color-500.png?1592293590
89,Enjin Coin,ENJ,https://assets.coingecko.com/coins/images/1102/thumb/enjin-coin-logo.png?1547035078
90,Evmos,EVMOS,https://assets.coingecko.com/coins/images/24023/thumb/evmos.png?1653958927
91,Convex Finance,CVX,https://assets.coingecko.com/coins/images/15585/thumb/convex.png?1621256328
92,PAX Gold,PAXG,https://assets.coingecko.com/coins/images/9519/thumb/paxg.PNG?1568542565
93,Gala,GALA,https://assets.coingecko.com/coins/images/12493/thumb/GALA-COINGECKO.png?1600233435
94,Stacks,STX,https://assets.coingecko.com/coins/images/2069/thumb/Stacks_logo_full.png?1604112510
95,Basic Attention,BAT,https://assets.coingecko.com/coins/images/677/thumb/basic-attention-token.png?1547034427
96,USDD,USDD,https://assets.coingecko.com/coins/images/25380/thumb/UUSD.jpg?1651823371
97,Amp,AMP,https://assets.coingecko.com/coins/images/12409/thumb/amp-200x200.png?1599625397
98,Everdome,DOME,https://assets.coingecko.com/coins/images/23267/thumb/Ix-ms0fq_400x400.jpg?1643414048
99,Kava,KAVA,https://assets.coingecko.com/coins/images/9761/thumb/kava.jpg?1639703080
100,cUSDT,CUSDT,https://assets.coingecko.com/coins/images/11621/thumb/cUSDT.png?1592113270
301,FUN,FUN,https://assets.coingecko.com/coins/images/761/thumb/funfair.png?1592404368
302,API3,API3,https://assets.coingecko.com/coins/images/13256/thumb/api3.jpg?1606751424
303,Request,REQ,https://assets.coingecko.com/coins/images/1031/thumb/Request_icon_green.png?1643250951
304,StormX,STMX,https://assets.coingecko.com/coins/images/1369/thumb/StormX.png?1603113002
305,STP Network,STPT,https://assets.coingecko.com/coins/images/8713/thumb/STP.png?1560262664
306,Ark,ARK,https://assets.coingecko.com/coins/images/613/thumb/ark.png?1547034308
307,Ankr Reward-Bearing Staked ETH,AETHC,https://assets.coingecko.com/coins/images/13403/thumb/aETHc.png?1625756490
308,Multichain,MULTI,https://assets.coingecko.com/coins/images/22087/thumb/1_Wyot-SDGZuxbjdkaOeT2-A.png?1640764238
309,Metis,METIS,https://assets.coingecko.com/coins/images/15595/thumb/metis.PNG?1621298076
310,XCAD Network,XCAD,https://assets.coingecko.com/coins/images/15857/thumb/xcad.PNG?1622164789
311,Mask Network,MASK,https://assets.coingecko.com/coins/images/14051/thumb/Mask_Network.jpg?1614050316
312,Metal,MTL,https://assets.coingecko.com/coins/images/763/thumb/Metal.png?1592195010
313,DEAPCOIN,DEP,https://assets.coingecko.com/coins/images/10970/thumb/DEAPcoin_01.png?1586741677
314,JOE,JOE,https://assets.coingecko.com/coins/images/17569/thumb/joe_200x200.png?1628497750
315,Metadium,META,https://assets.coingecko.com/coins/images/5247/thumb/META_Logo_black.png?1548833790
316,Liquity,LQTY,https://assets.coingecko.com/coins/images/14665/thumb/200-lqty-icon.png?1617631180
317,Mdex,MDX,https://assets.coingecko.com/coins/images/13775/thumb/mdex.png?1611739676
318,Perpetual Protocol,PERP,https://assets.coingecko.com/coins/images/12381/thumb/60d18e06844a844ad75901a9_mark_only_03.png?1628674771
319,Radicle,RAD,https://assets.coingecko.com/coins/images/14013/thumb/radicle.png?1614402918
320,QuarkChain,QKC,https://assets.coingecko.com/coins/images/3849/thumb/quarkchain.png?1548387524
321,cBAT,CBAT,https://assets.coingecko.com/coins/images/10645/thumb/cBAT1.JPG?1581390910
322,Stratis,STRAX,https://assets.coingecko.com/coins/images/531/thumb/stratis.png?1547034209
323,Dawn Protocol,DAWN,https://assets.coingecko.com/coins/images/11555/thumb/dawn_protocol.png?1591060256
324,Floki Inu,FLOKI,https://assets.coingecko.com/coins/images/16746/thumb/PNG_image.png?1643184642
325,GensoKishi Metaverse,MV,https://assets.coingecko.com/coins/images/23143/thumb/geno.png?1643626421
326,Storj,STORJ,https://assets.coingecko.com/coins/images/949/thumb/storj.png?1547034811
327,Dopex,DPX,https://assets.coingecko.com/coins/images/16652/thumb/DPX_%281%29.png?1624598630
328,Reef Finance,REEF,https://assets.coingecko.com/coins/images/13504/thumb/Group_10572.png?1610534130
329,Verge,XVG,https://assets.coingecko.com/coins/images/203/thumb/verge-symbol-color_logo.png?1561543281
330,Strike,STRK,https://assets.coingecko.com/coins/images/14607/thumb/Jw-36llq_400x400.jpg?1617243607
331,Utrust,UTK,https://assets.coingecko.com/coins/images/1824/thumb/300x300_logo.png?1570520533
332,Uquid Coin,UQC,https://assets.coingecko.com/coins/images/1341/thumb/uquid-coin.png?1548759712
333,Dero,DERO,https://assets.coingecko.com/coins/images/3522/thumb/dero_logo_png.png?1582180390
334,Orchid Protocol,OXT,https://assets.coingecko.com/coins/images/3916/thumb/download_%285%29.png?1576624060
335,Rari Governance,RGT,https://assets.coingecko.com/coins/images/12900/thumb/Rari_Logo_Transparent.png?1613978014
336,Balancer,BAL,https://assets.coingecko.com/coins/images/11683/thumb/Balancer.png?1592792958
337,Aragon,ANT,https://assets.coingecko.com/coins/images/681/thumb/JelZ58cv_400x400.png?1601449653
338,BENQI Liquid Staked AVAX,SAVAX,https://assets.coingecko.com/coins/images/23657/thumb/savax_blue.png?1644989825
339,Metahero,HERO,https://assets.coingecko.com/coins/images/16911/thumb/icon200x200.png?1625618542
340,Boba Network,BOBA,https://assets.coingecko.com/coins/images/20285/thumb/BOBA.png?1636811576
341,aelf,ELF,https://assets.coingecko.com/coins/images/1371/thumb/aelf-logo.png?1547035397
342,Alchemy Pay,ACH,https://assets.coingecko.com/coins/images/12390/thumb/ACH_%281%29.png?1599691266
343,Aavegotchi,GHST,https://assets.coingecko.com/coins/images/12467/thumb/ghst_200.png?1600750321
344,Dola,DOLA,https://assets.coingecko.com/coins/images/14287/thumb/anchor-logo-1-200x200.png?1615275005
345,Green Satoshi Token on BSC,GST-BSC,https://assets.coingecko.com/coins/images/25484/thumb/gst.png?1652064157
346,Nerve Finance,NRV,https://assets.coingecko.com/coins/images/14233/thumb/nerve_finance_logo.png?1615176392
347,Nest Protocol,NEST,https://assets.coingecko.com/coins/images/11284/thumb/52954052.png?1589868539
348,MaidSafeCoin,MAID,https://assets.coingecko.com/coins/images/80/thumb/maidsafecoin.png?1547033750
349,Telos,TLOS,https://assets.coingecko.com/coins/images/7588/thumb/TLOS_200.png?1629277084
350,KILT Protocol,KILT,https://assets.coingecko.com/coins/images/20861/thumb/kilt.png?1637893150
351,Prometeus,PROM,https://assets.coingecko.com/coins/images/8825/thumb/promlogofinal.png?1633713982
352,Numeraire,NMR,https://assets.coingecko.com/coins/images/752/thumb/numeraire.png?1592538976
353,Augur,REP,https://assets.coingecko.com/coins/images/309/thumb/REP.png?1596339859
354,World Mobile Token,WMT,https://assets.coingecko.com/coins/images/17333/thumb/Colored_Token.png?1627346708
355,Bifrost,BFC,https://assets.coingecko.com/coins/images/4639/thumb/bifrost_32.png?1608520677
356,Ronin,RON,https://assets.coingecko.com/coins/images/20009/thumb/ronin.jpg?1649184678
357,RSK Infrastructure Framework,RIF,https://assets.coingecko.com/coins/images/7460/thumb/RIF.png?1558011767
358,LUKSO,LYXE,https://assets.coingecko.com/coins/images/11423/thumb/1_QAHTciwVhD7SqVmfRW70Pw.png?1590110612
359,Hoo,HOO,https://assets.coingecko.com/coins/images/12968/thumb/line3-1.png?1622516697
360,Band Protocol,BAND,https://assets.coingecko.com/coins/images/9545/thumb/Band_token_blue_violet_token.png?1625881431
361,Freeway,FWT,https://assets.coingecko.com/coins/images/13012/thumb/S5h7MHR.png?1652862323
362,WeWay,WWY,https://assets.coingecko.com/coins/images/22418/thumb/aeYkGywy_400x400.jpg?1641805947
363,SingularityNET,AGIX,https://assets.coingecko.com/coins/images/2138/thumb/singularitynet.png?1548609559
364,Hermez Network,HEZ,https://assets.coingecko.com/coins/images/12826/thumb/hermez_logo.png?1602826556
365,Anchor Protocol,ANC,https://assets.coingecko.com/coins/images/14420/thumb/anchor_protocol_logo.jpg?1615965420
366,Alpha Venture DAO,ALPHA,https://assets.coingecko.com/coins/images/12738/thumb/AlphaToken_256x256.png?1617160876
367,Sai,SAI,https://assets.coingecko.com/coins/images/1442/thumb/dai.png?1547035520
368,TrueFi,TRU,https://assets.coingecko.com/coins/images/13180/thumb/truefi_glyph_color.png?1617610941
369,League of Kingdoms,LOKA,https://assets.coingecko.com/coins/images/22572/thumb/loka_64pix.png?1642643271
370,STEPN Green Satoshi Token on Solana,GST-SOL,https://assets.coingecko.com/coins/images/21841/thumb/gst.png?1640332626
371,Shentu,CTK,https://assets.coingecko.com/coins/images/12944/thumb/shentu_2.jpg?1653886628
372, NKN,NKN,https://assets.coingecko.com/coins/images/3375/thumb/nkn.png?1548329212
373,Wrapped Centrifuge,WCFG,https://assets.coingecko.com/coins/images/17106/thumb/WCFG.jpg?1626266462
374,iExec RLC,RLC,https://assets.coingecko.com/coins/images/646/thumb/pL1VuXm.png?1604543202
375,Dock,DOCK,https://assets.coingecko.com/coins/images/3978/thumb/dock-icon-dark-large.png?1623764407
376,Efinity,EFI,https://assets.coingecko.com/coins/images/16558/thumb/efi-200px_%281%29.png?1624439132
377,Electroneum,ETN,https://assets.coingecko.com/coins/images/1109/thumb/electroneum.png?1547224846
378,ShareToken,SHR,https://assets.coingecko.com/coins/images/3609/thumb/74586729_2443914875881351_2785018663453851648_n.png?1574898410
379,TempleDAO,TEMPLE,https://assets.coingecko.com/coins/images/20040/thumb/LPK15ZOW_400x400.jpg?1636425070
380,Akash Network,AKT,https://assets.coingecko.com/coins/images/12785/thumb/akash-logo.png?1615447676
381,ChainX,PCX,https://assets.coingecko.com/coins/images/9133/thumb/chainx.png?1572094352
382,Kava Swap,SWP,https://assets.coingecko.com/coins/images/18031/thumb/6123a3093aeaba00d21e7685_Kava_Swap-Logo-White-p-500.png?1630296688
383,BakerySwap,BAKE,https://assets.coingecko.com/coins/images/12588/thumb/bakerytoken_logo.jpg?1600940032
384,agEUR,AGEUR,https://assets.coingecko.com/coins/images/19479/thumb/agEUR.png?1635283566
385,Adshares,ADS,https://assets.coingecko.com/coins/images/868/thumb/ads_tr_900.png?1549005693
386,Venus,XVS,https://assets.coingecko.com/coins/images/12677/thumb/download.jpg?1648049688
387,SuperFarm,SUPER,https://assets.coingecko.com/coins/images/14040/thumb/6YPdWn6.png?1613975899
388,Cult DAO,CULT,https://assets.coingecko.com/coins/images/23331/thumb/quxZPrbC_400x400.jpg?1643880172
389,Origin Dollar,OUSD,https://assets.coingecko.com/coins/images/12589/thumb/ousd-logo-200x200.png?1600943287
390,HUNT,HUNT,https://assets.coingecko.com/coins/images/7989/thumb/HUNT.png?1571024256
391,Everipedia,IQ,https://assets.coingecko.com/coins/images/5010/thumb/YAIS3fUh.png?1626267646
392,Energi,NRG,https://assets.coingecko.com/coins/images/5795/thumb/3218.png?1604798557
393,JasmyCoin,JASMY,https://assets.coingecko.com/coins/images/13876/thumb/JASMY200x200.jpg?1612473259
394,Bezoge Earth,BEZOGE,https://assets.coingecko.com/coins/images/15639/thumb/token-logo.png?1621408212
395,Veritaseum,VERI,https://assets.coingecko.com/coins/images/695/thumb/veritaseum.png?1547034460
396,ThunderCore,TT,https://assets.coingecko.com/coins/images/4375/thumb/ThunderCore_Logo_Mark_Gradient_%283%29.png?1650455349
397,Mango,MNGO,https://assets.coingecko.com/coins/images/14773/thumb/token-mango.png?1628171237
398,Celo Dollar,CUSD,https://assets.coingecko.com/coins/images/13161/thumb/icon-celo-dollar-color-1000-circle-cropped.png?1605771134
399,Kishu Inu,KISHU,https://assets.coingecko.com/coins/images/14890/thumb/uVLzCoP.png?1622445866
400,Yield Guild Games,YGG,https://assets.coingecko.com/coins/images/17358/thumb/le1nzlO6_400x400.jpg?1632465691
201,Casper Network,CSPR,https://assets.coingecko.com/coins/images/15279/thumb/casper.PNG?1620341020
202,Alchemix USD,ALUSD,https://assets.coingecko.com/coins/images/14114/thumb/Alchemix_USD.png?1614410406
203,Pocket Network,POKT,https://assets.coingecko.com/coins/images/22506/thumb/33689860.png?1641957673
204,WOO Network,WOO,https://assets.coingecko.com/coins/images/12921/thumb/w2UiemF__400x400.jpg?1603670367
205,Keep Network,KEEP,https://assets.coingecko.com/coins/images/3373/thumb/IuNzUb5b_400x400.jpg?1589526336
206,Rally,RLY,https://assets.coingecko.com/coins/images/12843/thumb/image.png?1611212077
207,Acala,ACA,https://assets.coingecko.com/coins/images/20634/thumb/upOKBONH_400x400.jpg?1647420536
208,Maple,MPL,https://assets.coingecko.com/coins/images/14097/thumb/Maple_Logo_Mark_Maple_Orange.png?1653381382
209,flexUSD,FLEXUSD,https://assets.coingecko.com/coins/images/13323/thumb/flexUSD_2x.png?1607480702
210,e-Radix,EXRD,https://assets.coingecko.com/coins/images/13145/thumb/exrd_logo.png?1605662677
211,Persistence,XPRT,https://assets.coingecko.com/coins/images/14582/thumb/512_Light.png?1617149658
212,Flux,FLUX,https://assets.coingecko.com/coins/images/5163/thumb/Flux_symbol_blue-white.png?1617192144
213,Origin Protocol,OGN,https://assets.coingecko.com/coins/images/3296/thumb/op.jpg?1547037878
214,Nano,XNO,https://assets.coingecko.com/coins/images/756/thumb/nano.png?1637232468
215,Medibloc,MED,https://assets.coingecko.com/coins/images/1374/thumb/medibloc_basic.png?1570607623
216,MX Token,MX,https://assets.coingecko.com/coins/images/8545/thumb/TII1YIdv_400x400.png?1559180170
217,Radio Caca,RACA,https://assets.coingecko.com/coins/images/17841/thumb/ez44_BSs_400x400.jpg?1629464170
218,Kunci Coin,KUNCI,https://assets.coingecko.com/coins/images/23723/thumb/xZX34B26_400x400.jpg?1645161855
219,REN,REN,https://assets.coingecko.com/coins/images/3139/thumb/REN.png?1589985807
220,Status,SNT,https://assets.coingecko.com/coins/images/779/thumb/status.png?1548610778
221,Nervos Network,CKB,https://assets.coingecko.com/coins/images/9566/thumb/Nervos_White.png?1608280856
222,GMX,GMX,https://assets.coingecko.com/coins/images/18323/thumb/arbit.png?1631532468
223,Orbs,ORBS,https://assets.coingecko.com/coins/images/4630/thumb/Orbs.jpg?1547039896
224,Biswap,BSW,https://assets.coingecko.com/coins/images/16845/thumb/biswap.png?1625388985
225,CoinEx Token,CET,https://assets.coingecko.com/coins/images/4817/thumb/coinex-token.png?1547040183
226,VVS Finance,VVS,https://assets.coingecko.com/coins/images/20210/thumb/8glAYOTM_400x400.jpg?1636667919
227,Conflux,CFX,https://assets.coingecko.com/coins/images/13079/thumb/3vuYMbjN.png?1631512305
228,Pundi X,PUNDIX,https://assets.coingecko.com/coins/images/14571/thumb/vDyefsXq_400x400.jpg?1617085003
229,Velas,VLX,https://assets.coingecko.com/coins/images/9651/thumb/velas.png?1607999828
230,WINkLink,WIN,https://assets.coingecko.com/coins/images/9129/thumb/WinK.png?1564624891
231,CEEK Smart VR,CEEK,https://assets.coingecko.com/coins/images/2581/thumb/ceek-smart-vr-token-logo.png?1547036714
232,Chromia,CHR,https://assets.coingecko.com/coins/images/5000/thumb/Chromia.png?1559038018
233,Ergo,ERG,https://assets.coingecko.com/coins/images/2484/thumb/Ergo.png?1574682618
234,Mobox,MBOX,https://assets.coingecko.com/coins/images/14751/thumb/mobox.PNG?1618146979
235,COTI,COTI,https://assets.coingecko.com/coins/images/2962/thumb/Coti.png?1559653863
236,Telcoin,TEL,https://assets.coingecko.com/coins/images/1899/thumb/tel.png?1547036203
237,Zipmex,ZMT,https://assets.coingecko.com/coins/images/13866/thumb/ZMT_Token.png?1637241562
238,PlatonCoin,PLTC,https://assets.coingecko.com/coins/images/7178/thumb/PLTC.png?1616126045
239,Chia,XCH,https://assets.coingecko.com/coins/images/15174/thumb/zV5K5y9f_400x400.png?1620024414
240,Dent,DENT,https://assets.coingecko.com/coins/images/1152/thumb/gLCEA2G.png?1604543239
241,Function X,FX,https://assets.coingecko.com/coins/images/8186/thumb/47271330_590071468072434_707260356350705664_n.jpg?1556096683
242,BTSE Token,BTSE,https://assets.coingecko.com/coins/images/10807/thumb/BTSE_logo_Square.jpeg?1583965964
243,STASIS EURO,EURS,https://assets.coingecko.com/coins/images/5164/thumb/EURS_300x300.png?1550571779
244,YUSD Stablecoin,YUSD,https://assets.coingecko.com/coins/images/25024/thumb/1_oJ0F2Zf6CuAhLP0zOboo6w.png?1649837252
245,Syscoin,SYS,https://assets.coingecko.com/coins/images/119/thumb/Syscoin.png?1560401261
246,Pirate Chain,ARRR,https://assets.coingecko.com/coins/images/6905/thumb/Pirate_Chain.png?1560913844
247,Power Ledger,POWR,https://assets.coingecko.com/coins/images/1104/thumb/power-ledger.png?1547035082
248,DigitalBits,XDB,https://assets.coingecko.com/coins/images/8089/thumb/digitalbits-logo.jpg?1554454902
249,XSGD,XSGD,https://assets.coingecko.com/coins/images/12832/thumb/StraitsX_Singapore_Dollar_%28XSGD%29_Token_Logo.png?1633936813
250,Coin98,C98,https://assets.coingecko.com/coins/images/17117/thumb/logo.png?1626412904
251,Iron Bank EURO,IBEUR,https://assets.coingecko.com/coins/images/17285/thumb/Iron_Bank_Euro.png?1627900506
252,Injective,INJ,https://assets.coingecko.com/coins/images/12882/thumb/Secondary_Symbol.png?1628233237
253,Ardor,ARDR,https://assets.coingecko.com/coins/images/525/thumb/Ardor_Vertical_1.png?1606797362
254,Energy Web,EWT,https://assets.coingecko.com/coins/images/10886/thumb/R9gQTJV__400x400.png?1585604557
255,inSure DeFi,SURE,https://assets.coingecko.com/coins/images/10354/thumb/logo-grey-circle.png?1614910406
256,LooksRare,LOOKS,https://assets.coingecko.com/coins/images/22173/thumb/circle-black-256.png?1641173160
257,Decentralized Social,DESO,https://assets.coingecko.com/coins/images/16310/thumb/Deso_Logo_Vector.png?1637218348
258,Reserve Rights,RSR,https://assets.coingecko.com/coins/images/8365/thumb/rsr.png?1637983320
259,Railgun,RAIL,https://assets.coingecko.com/coins/images/16840/thumb/railgun.jpeg?1625322775
260,XYO Network,XYO,https://assets.coingecko.com/coins/images/4519/thumb/XYO_Network-logo.png?1547039819
261,Aurora,AURORA,https://assets.coingecko.com/coins/images/20582/thumb/aurora.jpeg?1637250883
262,MiL.k Alliance,MLK,https://assets.coingecko.com/coins/images/11978/thumb/2.png?1617602076
263,OriginTrail,TRAC,https://assets.coingecko.com/coins/images/1877/thumb/TRAC.jpg?1635134367
264,Civic,CVC,https://assets.coingecko.com/coins/images/788/thumb/Civic-logo-blue.png?1636393120
265,WazirX,WRX,https://assets.coingecko.com/coins/images/10547/thumb/WazirX.png?1580834330
266,Cartesi,CTSI,https://assets.coingecko.com/coins/images/11038/thumb/cartesi.png?1592288021
267,Kirobo,KIRO,https://assets.coingecko.com/coins/images/12688/thumb/QmScxyKBwqbGJZmp38EwaoRpXbzPkq3tvuMjeuJE1YLZeG.png?1601672684
268,Spell,SPELL,https://assets.coingecko.com/coins/images/15861/thumb/abracadabra-3.png?1622544862
269,sETH2,SETH2,https://assets.coingecko.com/coins/images/16569/thumb/emerald256.png?1624494960
270,Cratos,CRTS,https://assets.coingecko.com/coins/images/17322/thumb/cratos.png?1627301460
271,xSUSHI,XSUSHI,https://assets.coingecko.com/coins/images/13725/thumb/xsushi.png?1612538526
272,ConstitutionDAO,PEOPLE,https://assets.coingecko.com/coins/images/20612/thumb/GN_UVm3d_400x400.jpg?1637294355
273,Fetch.ai,FET,https://assets.coingecko.com/coins/images/5681/thumb/Fetch.jpg?1572098136
274,Beldex,BDX,https://assets.coingecko.com/coins/images/5111/thumb/Beldex.png?1559189036
275,Biconomy,BICO,https://assets.coingecko.com/coins/images/21061/thumb/biconomy_logo.jpg?1638269749
276,Divi,DIVI,https://assets.coingecko.com/coins/images/1273/thumb/red_logomark.png?1590383789
277,Poollotto.finance,PLT,https://assets.coingecko.com/coins/images/21425/thumb/polotto.png?1639116841
278,Merit Circle,MC,https://assets.coingecko.com/coins/images/19304/thumb/Db4XqML.png?1634972154
279,Raydium,RAY,https://assets.coingecko.com/coins/images/13928/thumb/PSigc4ie_400x400.jpg?1612875614
280,sUSD,SUSD,https://assets.coingecko.com/coins/images/5013/thumb/sUSD.png?1616150765
281,AscendEx Token,ASD,https://assets.coingecko.com/coins/images/5003/thumb/bitmax.png?1621310871
282,Creditcoin,CTC,https://assets.coingecko.com/coins/images/10569/thumb/ctc.png?1644650695
283,Tribe,TRIBE,https://assets.coingecko.com/coins/images/14575/thumb/tribe.PNG?1617487954
284,Celer Network,CELR,https://assets.coingecko.com/coins/images/4379/thumb/Celr.png?1554705437
285,Klever,KLV,https://assets.coingecko.com/coins/images/12240/thumb/hIonpevN_400x400.jpg?1626616001
286,Steem,STEEM,https://assets.coingecko.com/coins/images/398/thumb/steem.png?1547034126
287,Hxro,HXRO,https://assets.coingecko.com/coins/images/7805/thumb/Hxro_Profile_Transparent.png?1622443308
288,Kyber Network Crystal Legacy,KNCL,https://assets.coingecko.com/coins/images/947/thumb/logo-kncl.png?1618984814
289,Moonriver,MOVR,https://assets.coingecko.com/coins/images/17984/thumb/9285.png?1630028620
290,Vulcan Forged,PYR,https://assets.coingecko.com/coins/images/14770/thumb/1617088937196.png?1619414736
291,Sun Token,SUN,https://assets.coingecko.com/coins/images/12424/thumb/RSFOmQ.png?1624024337
292,ZoidPay,ZPAY,https://assets.coingecko.com/coins/images/16813/thumb/zpay.png?1647693485
293,Lido Staked SOL,STSOL,https://assets.coingecko.com/coins/images/18369/thumb/logo_-_2021-09-15T100934.765.png?1631671781
294,Ultra,UOS,https://assets.coingecko.com/coins/images/4480/thumb/Ultra.png?1563356418
295,Tokamak Network,TON,https://assets.coingecko.com/coins/images/12260/thumb/D919x5-s_400x400.png?1598568068
296,USDX,USDX,https://assets.coingecko.com/coins/images/13056/thumb/USDX_coin.png?1604734048
297,Ocean Protocol,OCEAN,https://assets.coingecko.com/coins/images/3687/thumb/ocean-protocol-logo.jpg?1547038686
298,VeThor Token,VTHO,https://assets.coingecko.com/coins/images/5230/thumb/vethor-token.png?1548760043
299,Ellipsis [OLD],EPS,https://assets.coingecko.com/coins/images/14498/thumb/ellipsis-light.png?1651625258
300,holoride,RIDE,https://assets.coingecko.com/coins/images/21626/thumb/RIDE_Token_Symbol_MASTER.png?1639734778
101,Harmony,ONE,https://assets.coingecko.com/coins/images/4344/thumb/Y88JAze.png?1565065793
102,Curve DAO,CRV,https://assets.coingecko.com/coins/images/12124/thumb/Curve.png?1597369484
103,Fei USD,FEI,https://assets.coingecko.com/coins/images/14570/thumb/ZqsF51Re_400x400.png?1617082206
104,Gnosis,GNO,https://assets.coingecko.com/coins/images/662/thumb/logo_square_simple_300px.png?1609402668
105,Osmosis,OSMO,https://assets.coingecko.com/coins/images/16724/thumb/osmo.png?1632763885
106,Decred,DCR,https://assets.coingecko.com/coins/images/329/thumb/decred.png?1547034093
107,XDC Network,XDC,https://assets.coingecko.com/coins/images/2912/thumb/xdc-icon.png?1633700890
108,Maiar DEX,MEX,https://assets.coingecko.com/coins/images/20657/thumb/MEX-icon.png?1637540149
109,FLEX Coin,FLEX,https://assets.coingecko.com/coins/images/9108/thumb/coinflex_logo.png?1628750583
110,Holo,HOT,https://assets.coingecko.com/coins/images/3348/thumb/Holologo_Profile.png?1547037966
111,Mina Protocol,MINA,https://assets.coingecko.com/coins/images/15628/thumb/JM4_vQ34_400x400.png?1621394004
112,NEM,XEM,https://assets.coingecko.com/coins/images/242/thumb/NEM_WC_Logo_200px.png?1642668663
113,Tether Gold,XAUT,https://assets.coingecko.com/coins/images/10481/thumb/tether-gold.png?1579946148
114,Compound,COMP,https://assets.coingecko.com/coins/images/10775/thumb/COMP.png?1592625425
115,Frax Share,FXS,https://assets.coingecko.com/coins/images/13423/thumb/frax_share.png?1608478989
116,IOST,IOST,https://assets.coingecko.com/coins/images/2523/thumb/IOST.png?1557555183
117,Qtum,QTUM,https://assets.coingecko.com/coins/images/684/thumb/Qtum_Logo_blue_CG.png?1637155875
118,OKC,OKT,https://assets.coingecko.com/coins/images/13708/thumb/WeChat_Image_20220118095654.png?1642471094
119,Nexus Mutual,NXM,https://assets.coingecko.com/coins/images/11810/thumb/nexus-mutual.jpg?1594547726
120,SafeMoon,SFM,https://assets.coingecko.com/coins/images/21863/thumb/photo_2021-12-22_14.43.36.jpeg?1640155440
121,Tokenize Xchange,TKX,https://assets.coingecko.com/coins/images/4984/thumb/Tokenize.png?1561602968
122,ECOMI,OMI,https://assets.coingecko.com/coins/images/4428/thumb/ECOMI.png?1557928886
123,Lido DAO,LDO,https://assets.coingecko.com/coins/images/13573/thumb/Lido_DAO.png?1609873644
124,Bitcoin Gold,BTG,https://assets.coingecko.com/coins/images/1043/thumb/bitcoin-gold-logo.png?1547034978
125,NuCypher,NU,https://assets.coingecko.com/coins/images/3318/thumb/photo1198982838879365035.jpg?1547037916
126,1inch,1INCH,https://assets.coingecko.com/coins/images/13469/thumb/1inch-token.png?1608803028
127,Kadena,KDA,https://assets.coingecko.com/coins/images/3693/thumb/djLWD6mR_400x400.jpg?1591080616
128,Olympus,OHM,https://assets.coingecko.com/coins/images/14483/thumb/token_OHM_%281%29.png?1628311611
129,OMG Network,OMG,https://assets.coingecko.com/coins/images/776/thumb/OMG_Network.jpg?1591167168
130,Magic Internet Money,MIM,https://assets.coingecko.com/coins/images/16786/thumb/mimlogopng.png?1624979612
131,Serum,SRM,https://assets.coingecko.com/coins/images/11970/thumb/serum-logo.png?1597121577
132,IoTeX,IOTX,https://assets.coingecko.com/coins/images/3334/thumb/iotex-logo.png?1547037941
133,0x,ZRX,https://assets.coingecko.com/coins/images/863/thumb/0x.png?1547034672
134,Moonbeam,GLMR,https://assets.coingecko.com/coins/images/22459/thumb/glmr.png?1641880985
135,TerraClassicUSD,USTC,https://assets.coingecko.com/coins/images/12681/thumb/UST.png?1653548090
136,Optimism,OP,https://assets.coingecko.com/coins/images/25244/thumb/OP.jpeg?1651026279
137,Xido Finance,XIDO,https://assets.coingecko.com/coins/images/16161/thumb/KJw4clj.png?1623141959
138,Celsius Network,CEL,https://assets.coingecko.com/coins/images/3263/thumb/CEL_logo.png?1609598753
139,Sushi,SUSHI,https://assets.coingecko.com/coins/images/12271/thumb/512x512_Logo_no_chop.png?1606986688
140,LINK,LN,https://assets.coingecko.com/coins/images/6450/thumb/linklogo.png?1547042644
141,Audius,AUDIO,https://assets.coingecko.com/coins/images/12913/thumb/AudiusCoinLogo_2x.png?1603425727
142,Bancor Network,BNT,https://assets.coingecko.com/coins/images/736/thumb/bancor-bnt.png?1628822309
143,Livepeer,LPT,https://assets.coingecko.com/coins/images/7137/thumb/logo-circle-green.png?1619593365
144,JUST,JST,https://assets.coingecko.com/coins/images/11095/thumb/JUST.jpg?1588175394
145,Ankr,ANKR,https://assets.coingecko.com/coins/images/4324/thumb/U85xTl2.png?1608111978
146,Liquity USD,LUSD,https://assets.coingecko.com/coins/images/14666/thumb/Group_3.png?1617631327
147,Convex CRV,CVXCRV,https://assets.coingecko.com/coins/images/15586/thumb/convex-crv.png?1621255952
148,ICON,ICX,https://assets.coingecko.com/coins/images/1060/thumb/icon-icx-logo.png?1547035003
149,Voyager VGX,VGX,https://assets.coingecko.com/coins/images/794/thumb/Voyager-vgx.png?1575693595
150,Songbird,SGB,https://assets.coingecko.com/coins/images/18663/thumb/SGB_512x512.png?1645088006
151,HUSD,HUSD,https://assets.coingecko.com/coins/images/9567/thumb/HUSD.jpg?1568889385
152,Ravencoin,RVN,https://assets.coingecko.com/coins/images/3412/thumb/ravencoin.png?1548386057
153,Gemini Dollar,GUSD,https://assets.coingecko.com/coins/images/5992/thumb/gemini-dollar-gusd.png?1536745278
154,Baby Doge Coin,BABYDOGE,https://assets.coingecko.com/coins/images/16125/thumb/Baby_Doge.png?1623044048
155,Rocket Pool,RPL,https://assets.coingecko.com/coins/images/2090/thumb/rocket_pool_%28RPL%29.png?1637662441
156,Siacoin,SC,https://assets.coingecko.com/coins/images/289/thumb/siacoin.png?1548386465
157,Secret,SCRT,https://assets.coingecko.com/coins/images/11871/thumb/Secret.png?1595520186
158,Ethereum Name Service,ENS,https://assets.coingecko.com/coins/images/19785/thumb/acatxTm8_400x400.jpg?1635850140
159,JUNO,JUNO,https://assets.coingecko.com/coins/images/19249/thumb/juno.png?1642838082
160,Everscale,EVER,https://assets.coingecko.com/coins/images/12783/thumb/everscale_badge_main_round_1x.png?1640050196
161,Golem,GLM,https://assets.coingecko.com/coins/images/542/thumb/Golem_Submark_Positive_RGB.png?1606392013
162,Marinade staked SOL,MSOL,https://assets.coingecko.com/coins/images/17752/thumb/mSOL.png?1644541955
163,Horizen,ZEN,https://assets.coingecko.com/coins/images/691/thumb/horizen.png?1555052241
164,SwissBorg,CHSB,https://assets.coingecko.com/coins/images/2117/thumb/YJUrRy7r_400x400.png?1589794215
165,SafeMoon [OLD],SAFEMOON,https://assets.coingecko.com/coins/images/14362/thumb/174x174-white.png?1617174846
166,Bitkub Coin,KUB,https://assets.coingecko.com/coins/images/15760/thumb/KUB.png?1621825161
167,Oasis Network,ROSE,https://assets.coingecko.com/coins/images/13162/thumb/rose.png?1605772906
168,Dogelon Mars,ELON,https://assets.coingecko.com/coins/images/14962/thumb/6GxcPRo3_400x400.jpg?1619157413
169,MAI,MIMATIC,https://assets.coingecko.com/coins/images/15264/thumb/mimatic-red.png?1620281018
170,WAX,WAXP,https://assets.coingecko.com/coins/images/1372/thumb/WAX_Coin_Tickers_P_512px.png?1602812260
171,Ontology,ONT,https://assets.coingecko.com/coins/images/3447/thumb/ONT.png?1583481820
172,SXP,SXP,https://assets.coingecko.com/coins/images/9368/thumb/swipe.png?1566792311
173,SKALE,SKL,https://assets.coingecko.com/coins/images/13245/thumb/SKALE_token_300x300.png?1606789574
174,yearn.finance,YFI,https://assets.coingecko.com/coins/images/11849/thumb/yfi-192x192.png?1598325330
175,Tenset,10SET,https://assets.coingecko.com/coins/images/14629/thumb/10set.png?1617353812
176,Immutable X,IMX,https://assets.coingecko.com/coins/images/17233/thumb/imx.png?1636691817
177,TitanSwap,TITAN,https://assets.coingecko.com/coins/images/12606/thumb/nqGlQzdz_400x400.png?1601019805
178,Constellation,DAG,https://assets.coingecko.com/coins/images/4645/thumb/DAG.png?1626339160
179,Synapse,SYN,https://assets.coingecko.com/coins/images/18024/thumb/syn.png?1635002049
180,Trust Wallet,TWT,https://assets.coingecko.com/coins/images/11085/thumb/Trust.png?1588062702
181,Escoin,ELG,https://assets.coingecko.com/coins/images/13566/thumb/escoin-200.png?1609833886
182,Polymath,POLY,https://assets.coingecko.com/coins/images/2784/thumb/inKkF01.png?1605007034
183,APENFT,NFT,https://assets.coingecko.com/coins/images/15687/thumb/apenft.jpg?1621562368
184,Smooth Love Potion,SLP,https://assets.coingecko.com/coins/images/10366/thumb/SLP.png?1578640057
185,Euro Tether,EURT,https://assets.coingecko.com/coins/images/17385/thumb/Tether_full_logo_dm.png?1627537298
186,Kyber Network Crystal,KNC,https://assets.coingecko.com/coins/images/14899/thumb/RwdVsGcw_400x400.jpg?1618923851
187,UMA,UMA,https://assets.coingecko.com/coins/images/10951/thumb/UMA.png?1586307916
188,Astar,ASTR,https://assets.coingecko.com/coins/images/22617/thumb/astr.png?1642314057
189,Render,RNDR,https://assets.coingecko.com/coins/images/11636/thumb/rndr.png?1638840934
190,MXC,MXC,https://assets.coingecko.com/coins/images/4604/thumb/MXC-app-icon10242x.png?1597628240
191,Coinmetro,XCM,https://assets.coingecko.com/coins/images/3125/thumb/XCM_Token_Logo_.png?1646280053
192,PlayDapp,PLA,https://assets.coingecko.com/coins/images/14316/thumb/54023228.png?1615366911
193,dYdX,DYDX,https://assets.coingecko.com/coins/images/17500/thumb/hjnIm9bV.jpg?1628009360
194,PLEX,PLEX,https://assets.coingecko.com/coins/images/13383/thumb/plex.png?1608082719
195,DAO Maker,DAO,https://assets.coingecko.com/coins/images/13915/thumb/4.png?1612838831
196,Hive,HIVE,https://assets.coingecko.com/coins/images/10840/thumb/logo_transparent_4x.png?1584623184
197,renBTC, RENBTC,https://assets.coingecko.com/coins/images/11370/thumb/Bitcoin.jpg?1628072791
198,Illuvium,ILV,https://assets.coingecko.com/coins/images/14468/thumb/ILV.JPG?1617182121
199,Lisk,LSK,https://assets.coingecko.com/coins/images/385/thumb/Lisk_Symbol_-_Blue.png?1573444104
200,DigiByte,DGB,https://assets.coingecko.com/coins/images/63/thumb/digibyte.png?1547033717
